{
    "transform_parameters": [
        -21.74999999999993,
        -35.651999999996306,
        1
    ],
    "dpi_scale": 50
}