{
    "transform_parameters": [
        -26.360811602469788,
        0.03184303555850221,
        1
    ],
    "dpi_scale": 50
}