{
    "transform_parameters": [
        -66093.00346949222,
        -79261.6004401815,
        0.001
    ],
    "dpi_scale": 100
}