{
    "transform_parameters": [
        -378955.8177593881,
        339833.89240163006,
        0.001
    ],
    "dpi_scale": 50
}