{
    "transform_parameters": [
        626.8324607642935,
        374.1259288328735,
        1
    ],
    "dpi_scale": 100
}