{
    "transform_parameters": [
        -0.10000000000009497,
        -3.465174813754857e-14,
        1
    ],
    "dpi_scale": 50
}