{
    "transform_parameters": [
        -199.83480108630405,
        -160.50580571539425,
        1
    ],
    "dpi_scale": 50
}