{
    "transform_parameters": [
        -275.41322361835006,
        -161.48982724944582,
        1
    ],
    "dpi_scale": 50
}