{
    "transform_parameters": [
        -275.46047045827885,
        -161.52646767907316,
        1
    ],
    "dpi_scale": 50
}