{
    "transform_parameters": [
        -203.134801227102,
        -160.3258059625638,
        1
    ],
    "dpi_scale": 50
}