{
    "transform_parameters": [
        0.020000000000013476,
        0.09999999999997314,
        1
    ],
    "dpi_scale": 50
}