{
    "transform_parameters": [
        -3.0999999999999863,
        -2.725562168869255e-14,
        1
    ],
    "dpi_scale": 50
}