{
    "transform_parameters": [
        -55.15064533317043,
        -224.34478986932112,
        1
    ],
    "dpi_scale": 50
}