{
    "transform_parameters": [
        -33.761024766710314,
        -202.90719700160088,
        1
    ],
    "dpi_scale": 50
}