{
    "transform_parameters": [
        -26.151024763470016,
        -218.41719700160084,
        1
    ],
    "dpi_scale": 50
}