{
    "transform_parameters": [
        -25.941024763470015,
        -202.73719700160112,
        1
    ],
    "dpi_scale": 50
}