{
    "transform_parameters": [
        -26.15102476347001,
        -203.03219700160108,
        1
    ],
    "dpi_scale": 50
}