{
    "transform_parameters": [
        -35.861024766710095,
        -212.51037434593238,
        1
    ],
    "dpi_scale": 50
}