{
    "transform_parameters": [
        -55.225645333170434,
        -224.36219701273572,
        1
    ],
    "dpi_scale": 50
}