{
    "transform_parameters": [
        558.2739391964515,
        440.1539349014174,
        0.001
    ],
    "dpi_scale": 50
}