{
    "transform_parameters": [
        -150.52902158125835,
        254.19004458300458,
        0.001
    ],
    "dpi_scale": 50
}