{
    "transform_parameters": [
        -385.56676057265696,
        -9.215083603706752,
        1
    ],
    "dpi_scale": 50
}