{
    "transform_parameters": [
        -47.302070067102704,
        -46.83397437494662,
        1
    ],
    "dpi_scale": 50
}