{
    "transform_parameters": [
        -47.45107006710271,
        -46.90397437494711,
        1
    ],
    "dpi_scale": 50
}